--
-- Script was generated by Devart dbForge Studio 2020 for MySQL, Version 9.0.689.0
-- Product home page: http://www.devart.com/dbforge/mysql/studio
-- Script date 14.12.2021 14:15:27
-- Server version: 8.0.27
-- Client version: 4.1
--

-- 
-- Disable foreign keys
-- 
/*!40014 SET @OLD_FOREIGN_KEY_CHECKS=@@FOREIGN_KEY_CHECKS, FOREIGN_KEY_CHECKS=0 */;

-- 
-- Set SQL mode
-- 
/*!40101 SET @OLD_SQL_MODE=@@SQL_MODE, SQL_MODE='NO_AUTO_VALUE_ON_ZERO' */;

-- 
-- Set character set the client will use to send SQL statements to the server
--
SET NAMES 'utf8';

--
-- Set default database
--
USE hleb;

--
-- Drop table `vladelez`
--
DROP TABLE IF EXISTS vladelez;

--
-- Drop table `kiosk`
--
DROP TABLE IF EXISTS kiosk;

--
-- Drop table `№kiosk`
--
DROP TABLE IF EXISTS `№kiosk`;

--
-- Drop table `hlebzavod`
--
DROP TABLE IF EXISTS hlebzavod;

--
-- Drop table `kod_zavod`
--
DROP TABLE IF EXISTS kod_zavod;

--
-- Set default database
--
USE hleb;

--
-- Create table `kod_zavod`
--
CREATE TABLE kod_zavod (
  kod_zavod int NOT NULL,
  PRIMARY KEY (kod_zavod)
)
ENGINE = INNODB,
CHARACTER SET utf8mb4,
COLLATE utf8mb4_0900_ai_ci;

--
-- Create table `hlebzavod`
--
CREATE TABLE hlebzavod (
  id_hlenzavod int NOT NULL AUTO_INCREMENT,
  kod_zav int DEFAULT NULL,
  nazv_zavod tinytext DEFAULT NULL,
  tel tinytext DEFAULT NULL,
  adres tinytext DEFAULT NULL,
  PRIMARY KEY (id_hlenzavod)
)
ENGINE = INNODB,
AUTO_INCREMENT = 14,
AVG_ROW_LENGTH = 4096,
CHARACTER SET utf8mb4,
COLLATE utf8mb4_0900_ai_ci;

--
-- Create foreign key
--
ALTER TABLE hlebzavod
ADD CONSTRAINT FK_hlebzavod_kod_zavod_kod_zavod FOREIGN KEY (kod_zav)
REFERENCES kod_zavod (kod_zavod);

--
-- Create table `№kiosk`
--
CREATE TABLE `№kiosk` (
  `№kiosk` int NOT NULL,
  PRIMARY KEY (`№kiosk`)
)
ENGINE = INNODB,
CHARACTER SET utf8mb4,
COLLATE utf8mb4_0900_ai_ci;

--
-- Create table `kiosk`
--
CREATE TABLE kiosk (
  id_kiosk int NOT NULL AUTO_INCREMENT,
  kod_zavod int DEFAULT NULL,
  `№kiosk` int DEFAULT NULL,
  adres_Kiosk tinytext DEFAULT NULL,
  data_otkritia tinytext DEFAULT NULL,
  dohod tinytext DEFAULT NULL,
  PRIMARY KEY (id_kiosk)
)
ENGINE = INNODB,
AUTO_INCREMENT = 8,
AVG_ROW_LENGTH = 4096,
CHARACTER SET utf8mb4,
COLLATE utf8mb4_0900_ai_ci;

--
-- Create foreign key
--
ALTER TABLE kiosk
ADD CONSTRAINT FK_kiosk_hlebzavod_id_hlenzavod FOREIGN KEY (kod_zavod)
REFERENCES hlebzavod (id_hlenzavod);

--
-- Create foreign key
--
ALTER TABLE kiosk
ADD CONSTRAINT `FK_kiosk_№kiosk_№kiosk` FOREIGN KEY (`№kiosk`)
REFERENCES `№kiosk` (`№kiosk`);

--
-- Create table `vladelez`
--
CREATE TABLE vladelez (
  id_vladelez int NOT NULL AUTO_INCREMENT,
  `№kiosk` int NOT NULL,
  familia tinytext DEFAULT NULL,
  name_otchestvo tinytext DEFAULT NULL,
  god_r tinytext DEFAULT NULL,
  PRIMARY KEY (id_vladelez)
)
ENGINE = INNODB,
AUTO_INCREMENT = 6,
AVG_ROW_LENGTH = 4096,
CHARACTER SET utf8mb4,
COLLATE utf8mb4_0900_ai_ci;

--
-- Create foreign key
--
ALTER TABLE vladelez
ADD CONSTRAINT FK_vladelez_kiosk_id_kiosk FOREIGN KEY (`№kiosk`)
REFERENCES kiosk (id_kiosk);

-- 
-- Dumping data for table kod_zavod
--
INSERT INTO kod_zavod VALUES
(1),
(2),
(3),
(4),
(5);

-- 
-- Dumping data for table `№kiosk`
--
INSERT INTO `№kiosk` VALUES
(1),
(2),
(3),
(4),
(5);

-- 
-- Dumping data for table hlebzavod
--
INSERT INTO hlebzavod VALUES
(1, 1, '"Мотюшка"', '23234255', 'ул.Ленина 43'),
(2, 2, '"Сладкий Хлеб"', '23142345', 'ул.Калинина 233\r\n'),
(3, 3, '"Илюшатенька"', '23134351', 'ул.Кирова 16'),
(4, 4, '"Бутылек"', '24324324', 'ул.Соколова 54'),
(5, 5, '"ДАНИЛОКОМБИНАТ"', '23423555', 'ул.Ломоносова 332');

-- 
-- Dumping data for table kiosk
--
INSERT INTO kiosk VALUES
(1, 1, 1, 'ул. Ленина 12', '11.05.2005', '60000'),
(2, 2, 2, 'ул.Большевиков 32', '12.06.2006\r\n', '120000'),
(3, 3, 3, 'ул.Комсомольская 234', '04.05.2009', '100000'),
(4, 4, 4, 'ул.Некрасова 56', '03.08.1996\r\n', '80000'),
(5, 5, 5, 'ул.Новикова 1', '19.12.2014\r\n', '90000');

-- 
-- Dumping data for table vladelez
--
INSERT INTO vladelez VALUES
(1, 1, 'Солянов', 'Матвей Михайлович', '2004'),
(2, 2, 'Кудрин', 'Илья Алексеевич\r\n', '2003'),
(3, 3, 'Черанев', 'Артем Сергеевич', '2001'),
(4, 4, 'Торопов', 'Константин Олегович', '2000'),
(5, 5, 'Карманов', 'Даниил Васильевич', '2003');

-- 
-- Restore previous SQL mode
-- 
/*!40101 SET SQL_MODE=@OLD_SQL_MODE */;

-- 
-- Enable foreign keys
-- 
/*!40014 SET FOREIGN_KEY_CHECKS = @OLD_FOREIGN_KEY_CHECKS */;